Date,Product,Quantity,Price,Customer
2023-01-27,Product_4,4,13.616559242354814,Customer_50
2023-05-02,Product_4,8,99.96977358022073,Customer_4
2023-12-18,Product_3,3,94.42473640834743,Customer_2
2023-03-10,Product_9,8,30.85762834823507,Customer_68
2023-10-11,Product_5,4,24.68130224643887,Customer_12
2023-05-04,Product_3,5,88.37691475278714,Customer_30
2023-08-08,Product_3,6,58.43397892284123,Customer_71
2023-06-05,Product_1,3,70.79175169138134,Customer_46
2023-11-17,Product_3,3,90.30907073542397,Customer_84
2023-12-27,Product_8,4,57.807783825639156,Customer_32
2023-04-23,Product_2,2,59.6600369526256,Customer_51
2023-09-03,Product_7,6,73.7904897369344,Customer_91
2023-01-27,Product_3,5,97.08588639035523,Customer_77
2023-03-11,Product_3,2,26.25844180216143,Customer_76
2023-04-24,Product_5,6,74.44194291588796,Customer_47
2023-08-17,Product_2,4,10.469934868486309,Customer_27
2023-12-28,Product_5,3,35.022105882820455,Customer_74
2023-05-02,Product_3,8,95.05066821864727,Customer_11
2023-02-19,Product_2,9,19.752945867896916,Customer_46
2023-12-22,Product_4,9,68.58384574451082,Customer_92
2023-12-19,Product_9,3,58.819632150122445,Customer_65
2023-06-28,Product_4,9,94.51688771428329,Customer_86
2023-05-15,Product_5,1,12.009331179890953,Customer_75
2023-07-15,Product_5,7,14.52746193386637,Customer_38
2023-07-25,Product_10,1,76.92299736207977,Customer_81
2023-12-03,Product_3,8,53.23173594826037,Customer_16
2023-08-06,Product_9,9,61.4708242784494,Customer_86
2023-09-07,Product_8,3,40.97489387600137,Customer_95
2023-06-28,Product_1,4,75.41230236830194,Customer_46
2023-03-06,Product_10,10,25.289580131339,Customer_100
2023-08-08,Product_8,2,59.746079513042666,Customer_62
2023-11-06,Product_7,1,92.93338860915304,Customer_14
2023-01-11,Product_6,2,42.01585475224063,Customer_31
2023-11-09,Product_7,6,87.10969190182419,Customer_53
2023-02-22,Product_10,10,23.36989475113008,Customer_14
2023-11-18,Product_8,10,16.597781197013802,Customer_62
2023-03-13,Product_5,2,55.63377096229638,Customer_40
2023-04-07,Product_10,1,68.84961117228691,Customer_95
2023-09-18,Product_3,8,30.300158261268656,Customer_60
2023-12-11,Product_7,3,77.26276766546876,Customer_49
2023-10-21,Product_4,1,42.16198508746002,Customer_8
2023-05-17,Product_8,8,29.531037741444564,Customer_8
2023-10-06,Product_8,1,10.046114825296353,Customer_26
2023-02-13,Product_2,6,95.95556785663837,Customer_89
2023-05-27,Product_4,10,85.66134353551199,Customer_63
2023-06-02,Product_6,4,45.55321812184847,Customer_65
2023-03-07,Product_8,5,57.9130413858738,Customer_17
2023-10-27,Product_2,3,38.25922045505233,Customer_88
2023-11-02,Product_7,6,64.83211071668578,Customer_66
2023-06-23,Product_3,8,39.4355982287334,Customer_78
2023-04-23,Product_9,6,74.69099851668825,Customer_94
2023-04-28,Product_6,8,67.33931144960168,Customer_56
2023-09-05,Product_3,7,89.81623037035949,Customer_77
2023-03-10,Product_3,5,30.732146918533477,Customer_46
2023-06-06,Product_8,8,23.03317139231566,Customer_5
2023-09-11,Product_4,3,88.96288306240294,Customer_59
2023-12-15,Product_5,3,34.74351886370461,Customer_80
2023-08-25,Product_3,10,75.07786203481554,Customer_41
2023-10-06,Product_9,1,75.23606259003203,Customer_66
2023-07-23,Product_1,4,45.75057791107172,Customer_7
2023-01-10,Product_2,2,35.29899771564418,Customer_80
2023-08-06,Product_10,7,76.22697901882046,Customer_62
2023-07-21,Product_10,9,78.86094940985156,Customer_16
2023-06-11,Product_5,10,82.38599552960622,Customer_22
2023-11-07,Product_4,3,46.359751146543424,Customer_95
2023-09-15,Product_5,10,91.01915813477922,Customer_24
2023-02-09,Product_2,7,71.01462291909115,Customer_8
2023-08-13,Product_1,1,91.71632667358662,Customer_21
2023-08-04,Product_1,2,54.756130803670345,Customer_59
2023-09-22,Product_6,6,32.64524489231181,Customer_57
2023-02-17,Product_5,2,59.654019495837396,Customer_49
2023-06-27,Product_4,1,45.02762079422921,Customer_26
2023-06-10,Product_5,9,63.77623785386594,Customer_58
2023-08-11,Product_5,6,54.38441470676462,Customer_54
2023-05-04,Product_2,3,74.1578310836441,Customer_65
2023-08-26,Product_4,1,74.50624409655326,Customer_50
2023-10-16,Product_1,6,70.007303528501,Customer_83
2023-03-10,Product_6,4,21.845208689887812,Customer_80
2023-05-06,Product_4,1,74.66263676326034,Customer_26
2023-07-25,Product_10,7,15.82421863989976,Customer_35
2023-04-16,Product_5,2,79.71482158663085,Customer_38
2023-09-19,Product_10,7,63.39550725151324,Customer_5
2023-01-24,Product_3,1,43.01813710124528,Customer_34
2023-09-19,Product_3,1,10.786875878707196,Customer_10
2023-05-25,Product_5,2,83.98875464887901,Customer_88
2023-05-14,Product_3,5,99.08171887370598,Customer_98
2023-01-27,Product_7,10,51.90576621180131,Customer_79
2023-12-05,Product_2,6,98.04685374733204,Customer_88
2023-07-03,Product_1,9,84.22112925804505,Customer_95
2023-09-28,Product_5,4,38.42028046121058,Customer_89
2023-06-16,Product_10,4,36.00652900393048,Customer_47
2023-07-15,Product_4,8,79.3740887090746,Customer_6
2023-08-13,Product_2,6,73.78594378004927,Customer_19
2023-04-06,Product_8,9,41.686067521828406,Customer_2
2023-04-22,Product_3,5,88.87699187866212,Customer_81
2023-09-25,Product_2,8,60.560260353579956,Customer_40
2023-03-27,Product_5,6,14.784845038158934,Customer_21
2023-06-28,Product_2,10,30.781982323676022,Customer_25
2023-02-06,Product_8,4,88.7953701185905,Customer_33
2023-09-22,Product_6,8,10.088049552851219,Customer_41
2023-06-05,Product_6,2,58.21705361912265,Customer_83
2023-05-28,Product_1,7,49.02434307598587,Customer_16
2023-02-14,Product_8,5,62.50684751101433,Customer_13
2023-02-04,Product_1,5,25.341768224865543,Customer_79
2023-12-08,Product_7,2,85.04825259368688,Customer_12
2023-12-09,Product_1,3,23.41560794687109,Customer_8
2023-11-19,Product_8,1,45.70405743512165,Customer_46
2023-08-14,Product_9,1,20.64320206659405,Customer_80
2023-01-08,Product_8,4,45.789974321743216,Customer_18
2023-12-28,Product_6,4,28.68345703727684,Customer_39
2023-04-24,Product_10,4,47.14949656136648,Customer_91
2023-03-08,Product_7,9,95.99178349000151,Customer_55
2023-12-23,Product_5,8,15.434217929262374,Customer_27
2023-08-22,Product_8,7,34.69669741444988,Customer_2
2023-03-11,Product_9,10,83.82419539615427,Customer_17
2023-08-25,Product_7,1,25.886244314583,Customer_49
2023-01-04,Product_1,9,82.2090346515757,Customer_47
2023-10-26,Product_8,6,27.128356081502382,Customer_76
2023-02-02,Product_10,8,60.42203241974373,Customer_51
2023-11-14,Product_8,3,42.29416426876212,Customer_37
2023-10-10,Product_2,8,85.09206983459272,Customer_66
2023-04-15,Product_9,7,13.83461117404448,Customer_55
2023-10-12,Product_1,5,60.42444826419183,Customer_71
2023-08-23,Product_9,3,12.032157384896458,Customer_89
2023-05-16,Product_2,4,87.86324113095507,Customer_3
2023-05-01,Product_4,4,16.11132113162139,Customer_88
2023-02-01,Product_1,9,36.70446361997368,Customer_25
2023-03-19,Product_5,3,61.51811218458346,Customer_46
2023-01-23,Product_7,5,74.74734428882321,Customer_33
2023-08-21,Product_4,1,16.44014004510073,Customer_31
2023-12-10,Product_7,1,28.187784849353,Customer_1
2023-06-09,Product_1,2,83.47053199344285,Customer_37
2023-09-21,Product_5,4,93.99256490218637,Customer_86
2023-12-23,Product_10,4,89.2782766709138,Customer_68
2023-08-07,Product_10,8,85.9491380486223,Customer_43
2023-03-19,Product_10,9,55.75111590344534,Customer_25
2023-07-15,Product_9,3,55.160705204773826,Customer_12
2023-08-10,Product_2,5,22.534693395563657,Customer_79
2023-06-05,Product_6,4,38.16229281296012,Customer_93
2023-01-16,Product_1,5,98.61742690470479,Customer_60
2023-03-08,Product_9,8,13.483854664089586,Customer_29
2023-12-07,Product_3,4,67.48012130795018,Customer_36
2023-08-05,Product_3,7,93.32717162220254,Customer_45
2023-06-17,Product_2,6,41.230627434137894,Customer_91
2023-03-07,Product_6,2,25.165166610275257,Customer_72
2023-08-13,Product_6,10,95.76264692089431,Customer_87
2023-04-25,Product_1,6,81.72183793296084,Customer_39
2023-01-09,Product_2,4,14.268264504252734,Customer_69
2023-12-17,Product_9,9,58.59195071529787,Customer_95
2023-11-09,Product_8,1,27.303356552248953,Customer_66
2023-08-13,Product_8,8,30.71381388303809,Customer_55
2023-02-23,Product_4,8,30.49313991688199,Customer_38
2023-05-12,Product_8,8,64.30055988369523,Customer_65
2023-01-08,Product_6,8,14.745945542363966,Customer_84
2023-12-23,Product_6,5,44.25910773512174,Customer_70
2023-01-28,Product_7,10,64.7604216686152,Customer_99
2023-11-09,Product_9,6,59.03060685194723,Customer_81
2023-03-25,Product_8,2,47.3269515997048,Customer_75
2023-08-10,Product_5,2,60.54751258014747,Customer_78
2023-07-06,Product_3,1,14.758771505940718,Customer_46
2023-03-05,Product_1,7,97.227682828085,Customer_48
2023-03-14,Product_3,6,13.747394599448075,Customer_6
2023-09-15,Product_10,2,42.35158641858238,Customer_4
2023-11-26,Product_6,3,87.49966558007615,Customer_75
2023-09-04,Product_6,3,52.1725805085775,Customer_55
2023-12-28,Product_5,1,26.938223622918297,Customer_92
2023-01-21,Product_9,3,70.12494938168541,Customer_77
2023-07-04,Product_10,10,14.725549326411329,Customer_44
2023-09-25,Product_6,5,45.07883082887432,Customer_30
2023-04-05,Product_2,10,64.64401195941925,Customer_14
2023-02-15,Product_1,8,23.49598351532225,Customer_32
2023-12-10,Product_4,9,63.97314407900294,Customer_13
2023-10-01,Product_3,2,88.39953180651783,Customer_82
2023-08-27,Product_3,8,65.10426185821251,Customer_29
2023-01-26,Product_9,8,95.06679043358028,Customer_22
2023-06-05,Product_1,7,52.54114924590358,Customer_31
2023-11-06,Product_9,10,94.72429067982716,Customer_71
2023-02-01,Product_7,8,18.16305140732161,Customer_34
2023-06-28,Product_9,7,89.40487915951515,Customer_56
2023-05-25,Product_8,6,77.93709585780698,Customer_32
2023-02-04,Product_9,6,36.534114496954714,Customer_15
2023-03-08,Product_7,2,55.06079073444233,Customer_12
2023-07-10,Product_4,1,84.2947439131871,Customer_66
2023-11-25,Product_7,2,45.26367349240517,Customer_8
2023-07-17,Product_7,4,71.59981575493359,Customer_81
2023-09-16,Product_9,10,24.28550953940035,Customer_23
2023-04-26,Product_6,7,32.99953212990812,Customer_65
2023-11-21,Product_2,2,62.07766704096673,Customer_23
2023-10-23,Product_5,8,11.077197326341349,Customer_56
2023-05-25,Product_10,8,11.613869033526585,Customer_39
2023-10-11,Product_4,10,93.67347361790695,Customer_32
2023-12-04,Product_3,2,57.69721044315112,Customer_28
2023-11-17,Product_5,10,94.26634760972387,Customer_16
2023-02-15,Product_5,4,20.40748745309871,Customer_15
2023-04-25,Product_1,2,80.47183416600727,Customer_61
2023-06-02,Product_10,6,22.672607853693542,Customer_81
2023-11-17,Product_1,8,45.78646073898613,Customer_82
2023-03-03,Product_3,4,34.69139591779815,Customer_52
2023-06-06,Product_6,1,48.99685268524902,Customer_26
2023-06-05,Product_8,5,99.58430632223816,Customer_77
2023-10-22,Product_8,4,84.7195741229282,Customer_49
2023-03-19,Product_8,1,65.15346847720414,Customer_16
2023-09-18,Product_6,4,26.761619679361857,Customer_93
2023-11-24,Product_5,1,24.44911744189036,Customer_21
2023-09-22,Product_4,7,91.16185019712539,Customer_90
2023-08-19,Product_10,5,76.38766271919523,Customer_12
2023-04-24,Product_7,5,18.833363692469973,Customer_32
2023-12-14,Product_9,6,54.621881569527865,Customer_32
2023-04-13,Product_5,7,12.779453464952798,Customer_31
2023-06-23,Product_2,2,32.54623708736163,Customer_58
2023-10-08,Product_10,10,26.485610702546627,Customer_95
2023-01-10,Product_1,3,79.41644076845303,Customer_67
2023-10-28,Product_10,1,93.07401113734022,Customer_5
2023-06-25,Product_1,10,44.937186844807606,Customer_56
2023-07-17,Product_2,6,39.353006743036175,Customer_9
2023-12-01,Product_4,3,29.092659042806822,Customer_18
2023-08-03,Product_10,8,92.95685663301623,Customer_70
2023-02-16,Product_1,5,29.780652871881223,Customer_37
2023-01-02,Product_4,1,34.27226752155127,Customer_16
2023-11-07,Product_5,5,79.63033714002451,Customer_30
2023-10-23,Product_9,7,23.229803076272546,Customer_12
2023-09-07,Product_9,1,55.00044736719641,Customer_22
2023-04-04,Product_4,10,65.08649637867833,Customer_86
2023-06-14,Product_10,3,28.8008822809526,Customer_11
2023-12-16,Product_7,8,26.855996663231146,Customer_94
2023-01-14,Product_2,10,44.747721084440684,Customer_12
2023-12-25,Product_6,2,70.26909132299213,Customer_60
2023-06-11,Product_3,6,17.79651036254285,Customer_46
2023-10-28,Product_2,10,97.31461009707235,Customer_54
2023-07-19,Product_7,9,20.368418774865003,Customer_14
2023-12-24,Product_5,5,84.30771644090571,Customer_37
2023-11-24,Product_8,10,29.034218376059222,Customer_43
2023-03-20,Product_9,9,31.511465534966952,Customer_99
2023-04-04,Product_1,3,37.69473223719005,Customer_36
2023-02-18,Product_1,6,63.521543629818346,Customer_13
2023-12-07,Product_4,10,20.90661593055939,Customer_86
2023-04-09,Product_9,5,30.05831724426172,Customer_79
2023-06-27,Product_7,1,33.18090121311582,Customer_44
2023-04-18,Product_3,7,17.68557839822606,Customer_28
2023-07-11,Product_1,3,95.36849960006903,Customer_86
2023-11-25,Product_3,10,88.74589681109632,Customer_49
2023-06-18,Product_6,8,15.801140309083026,Customer_61
2023-09-19,Product_7,9,61.86564385142596,Customer_88
2023-07-03,Product_3,10,45.12946461028845,Customer_100
2023-09-05,Product_7,2,42.29673940361418,Customer_40
2023-03-03,Product_7,7,18.93808591100216,Customer_61
2023-10-10,Product_5,7,47.674373931854525,Customer_100
2023-06-21,Product_4,9,90.26053176693533,Customer_90
2023-02-16,Product_7,10,64.6076559646253,Customer_90
2023-01-17,Product_2,1,45.3109485070982,Customer_37
2023-01-18,Product_3,2,21.333263049003882,Customer_90
2023-06-11,Product_5,4,92.03991685247065,Customer_83
2023-01-15,Product_6,8,64.85117015365765,Customer_24
2023-06-26,Product_4,1,49.70813661445173,Customer_85
2023-03-14,Product_2,9,50.05296836882717,Customer_34
2023-12-07,Product_4,2,84.76293656268723,Customer_4
2023-04-03,Product_10,1,67.6331390225188,Customer_21
2023-06-14,Product_6,9,72.60657546107667,Customer_85
2023-03-24,Product_3,9,35.89209491853775,Customer_38
2023-06-09,Product_6,4,79.36188973558401,Customer_55
2023-11-16,Product_7,3,21.01518019282905,Customer_59
2023-11-04,Product_8,10,31.352511141828735,Customer_94
2023-05-04,Product_5,2,73.34812206776539,Customer_95
2023-02-06,Product_2,6,31.447006496699714,Customer_31
2023-05-18,Product_9,6,73.79438702964674,Customer_86
2023-03-06,Product_6,7,28.26109599161786,Customer_94
2023-04-25,Product_5,9,98.4432259022849,Customer_36
2023-02-15,Product_3,8,67.93320420021254,Customer_64
2023-12-26,Product_10,9,84.48755025944519,Customer_63
2023-06-20,Product_9,2,51.21247066161791,Customer_26
2023-10-28,Product_8,4,90.24527397849283,Customer_12
2023-12-08,Product_2,1,32.48009785306679,Customer_34
2023-11-14,Product_4,8,23.12308531583271,Customer_2
2023-05-09,Product_10,9,44.70362925418559,Customer_2
2023-07-23,Product_3,2,18.251530011764366,Customer_43
2023-07-13,Product_6,6,82.664380362202,Customer_5
2023-01-28,Product_4,9,23.588251853825295,Customer_96
2023-12-24,Product_3,5,30.945412196844092,Customer_59
2023-08-06,Product_2,2,14.696251602436893,Customer_41
2023-06-28,Product_5,7,14.720425658419359,Customer_74
2023-09-15,Product_1,3,23.271834479273984,Customer_20
2023-08-22,Product_1,5,95.42486173228251,Customer_44
2023-06-10,Product_8,5,44.03223398525765,Customer_34
2023-05-10,Product_10,8,19.349758855260774,Customer_16
2023-04-11,Product_1,5,22.752823838656802,Customer_17
2023-07-24,Product_4,7,36.11459047506082,Customer_13
2023-01-05,Product_7,7,97.34921430127405,Customer_24
2023-05-13,Product_3,5,21.464336587782558,Customer_82
2023-10-19,Product_2,1,15.119175952923865,Customer_15
2023-02-23,Product_6,9,14.26282000698113,Customer_59
2023-03-11,Product_9,3,22.676511879834138,Customer_61
2023-03-03,Product_3,3,48.2958437978249,Customer_17
2023-08-21,Product_2,10,77.88720184354666,Customer_67
2023-02-23,Product_1,10,21.292519482545636,Customer_23
2023-07-17,Product_9,4,44.39836864808625,Customer_26
2023-05-10,Product_1,3,67.7741207698424,Customer_32
2023-12-17,Product_9,5,20.786943645718633,Customer_72
2023-12-06,Product_3,1,98.28961329090531,Customer_7
2023-11-09,Product_2,1,41.849685847542915,Customer_13
2023-07-21,Product_6,1,63.7273980346703,Customer_80
2023-11-04,Product_2,5,71.55475062162016,Customer_67
2023-01-16,Product_2,7,31.98020611623872,Customer_54
2023-12-08,Product_7,9,60.507028512963736,Customer_56
2023-09-14,Product_4,1,70.79367747121877,Customer_52
2023-12-25,Product_1,1,87.09897737931236,Customer_13
2023-08-12,Product_5,7,76.41088315113272,Customer_74
2023-12-03,Product_1,10,71.49286259488488,Customer_80
2023-08-10,Product_8,5,76.41160423277061,Customer_38
2023-10-12,Product_6,10,46.74952162671603,Customer_59
2023-12-08,Product_3,8,19.879564164303098,Customer_68
2023-11-23,Product_9,1,72.5993295934407,Customer_11
2023-04-09,Product_5,1,34.589970730677365,Customer_58
2023-07-07,Product_5,4,64.20925764371775,Customer_54
2023-12-01,Product_3,1,55.213819938539444,Customer_83
2023-04-21,Product_8,7,40.05824138485916,Customer_42
2023-11-10,Product_8,8,20.497922851173143,Customer_4
2023-01-20,Product_7,8,73.3400857645646,Customer_76
2023-06-14,Product_1,1,39.75059498705083,Customer_82
2023-04-03,Product_3,8,18.842801631037183,Customer_80
2023-06-23,Product_10,3,18.958229609678895,Customer_55
2023-09-19,Product_6,2,70.42628830043199,Customer_89
2023-04-18,Product_8,9,34.471427225318486,Customer_49
2023-08-10,Product_2,8,37.73497067900469,Customer_10
2023-08-19,Product_7,3,79.00669914319764,Customer_54
2023-10-13,Product_5,10,18.959442109155955,Customer_57
2023-07-11,Product_10,8,94.43644102175502,Customer_62
2023-02-17,Product_1,6,26.35693656641427,Customer_89
2023-02-25,Product_4,6,96.57543656934608,Customer_8
2023-04-08,Product_4,1,23.45542619315853,Customer_74
2023-07-13,Product_4,6,53.2306600259092,Customer_3
2023-12-03,Product_4,2,80.18839788400003,Customer_17
2023-04-11,Product_1,7,90.45755211386734,Customer_39
2023-10-01,Product_6,9,32.30546024399656,Customer_74
2023-06-27,Product_6,9,90.88124928600539,Customer_70
2023-07-04,Product_10,3,25.831505603135355,Customer_17
2023-01-13,Product_2,9,95.57413494698574,Customer_60
2023-03-28,Product_5,5,49.14539293020646,Customer_95
2023-03-19,Product_4,6,77.91343179174909,Customer_86
2023-03-01,Product_7,5,93.48049844226833,Customer_47
2023-09-12,Product_4,5,33.753330975203994,Customer_83
2023-01-07,Product_1,9,35.31737139191712,Customer_73
2023-02-12,Product_5,4,31.309001612024105,Customer_89
2023-10-02,Product_2,6,21.992228597778933,Customer_44
2023-04-25,Product_10,7,56.993206296018045,Customer_51
2023-09-16,Product_8,3,52.468321200077746,Customer_41
2023-06-27,Product_4,10,48.0534340047384,Customer_65
2023-02-22,Product_2,8,44.1729356784545,Customer_73
2023-12-11,Product_3,7,66.28086082249274,Customer_22
2023-12-08,Product_10,5,74.4145190840482,Customer_85
2023-05-12,Product_3,8,99.16923879274098,Customer_40
2023-09-24,Product_5,7,85.30134271197163,Customer_82
2023-02-08,Product_2,8,77.48049904739987,Customer_25
2023-07-13,Product_9,9,64.04528420714959,Customer_61
2023-06-05,Product_8,10,88.1143889368299,Customer_70
2023-07-10,Product_4,10,94.71081363361068,Customer_50
2023-03-19,Product_6,3,66.4831057765962,Customer_88
2023-12-06,Product_10,2,91.45636852441892,Customer_26
2023-09-17,Product_3,1,62.71354965120367,Customer_72
2023-05-23,Product_7,4,18.957549154117324,Customer_72
2023-02-21,Product_10,2,84.21020556560704,Customer_4
2023-12-23,Product_9,7,36.940713260176004,Customer_10
2023-02-20,Product_9,6,74.88968420625936,Customer_69
2023-09-05,Product_4,8,41.64848882238222,Customer_24
2023-04-04,Product_6,9,55.901587789901946,Customer_83
2023-12-04,Product_9,6,82.22717978426192,Customer_68
2023-07-19,Product_5,2,34.630684221517114,Customer_18
2023-01-22,Product_4,9,24.25581452585947,Customer_31
2023-11-22,Product_1,9,76.8278075782659,Customer_3
2023-04-04,Product_4,9,66.97833020141582,Customer_83
2023-06-06,Product_10,2,97.70729262808351,Customer_82
2023-12-20,Product_1,2,92.74470131635839,Customer_41
2023-08-12,Product_3,9,62.51214069339723,Customer_12
2023-10-24,Product_6,3,80.15626188100542,Customer_44
2023-03-17,Product_2,9,46.40663494498357,Customer_79
2023-04-16,Product_9,2,25.302404462879615,Customer_93
2023-07-24,Product_1,5,76.10728901909724,Customer_26
2023-02-23,Product_1,5,11.367155144243204,Customer_77
2023-07-19,Product_7,5,62.101969877007065,Customer_92
2023-04-07,Product_4,2,84.1725332471691,Customer_88
2023-02-10,Product_6,7,75.52771360537484,Customer_47
2023-08-13,Product_8,1,37.78184669593689,Customer_37
2023-07-23,Product_6,7,51.84288196899486,Customer_21
2023-01-12,Product_1,1,46.72235500183848,Customer_78
2023-03-14,Product_7,1,91.14295177300397,Customer_74
2023-09-28,Product_2,5,41.22166450338763,Customer_64
2023-06-02,Product_3,8,35.36101249539334,Customer_58
2023-10-18,Product_9,3,20.571340305051336,Customer_34
2023-08-27,Product_9,6,69.1788341130615,Customer_82
2023-01-01,Product_7,7,28.514365585678288,Customer_62
2023-05-14,Product_6,6,94.39368735035795,Customer_30
2023-04-13,Product_10,5,12.061475321874154,Customer_20
2023-11-21,Product_2,9,85.67703872854914,Customer_78
2023-05-20,Product_1,6,15.22740642240612,Customer_75
2023-11-04,Product_2,9,71.64897538952667,Customer_88
2023-10-04,Product_5,8,58.71840221000111,Customer_56
2023-10-13,Product_9,2,29.24217143745963,Customer_39
2023-09-06,Product_7,7,40.805112544609656,Customer_3
2023-02-11,Product_10,1,84.88404426133113,Customer_96
2023-05-03,Product_9,10,48.21657183134075,Customer_29
2023-10-11,Product_5,5,45.1200231625265,Customer_65
2023-10-18,Product_3,2,29.877551163518138,Customer_60
2023-01-17,Product_6,8,85.31421170236169,Customer_20
2023-07-08,Product_4,10,57.10124017876142,Customer_10
2023-06-24,Product_1,2,33.85614803212724,Customer_51
2023-05-10,Product_8,5,82.71535004556156,Customer_27
2023-04-13,Product_2,4,55.14744029802808,Customer_42
2023-01-14,Product_7,9,99.69950652530169,Customer_60
2023-07-04,Product_2,7,47.40969433288273,Customer_4
2023-03-16,Product_2,3,73.75847135012916,Customer_79
2023-01-14,Product_2,3,44.31477688838991,Customer_18
2023-11-20,Product_8,7,78.97271369397899,Customer_39
2023-04-19,Product_3,10,69.0763384727944,Customer_3
2023-06-13,Product_2,3,29.680338655794888,Customer_100
2023-04-11,Product_3,9,50.79939581666674,Customer_65
2023-07-19,Product_2,6,74.51077354816124,Customer_19
2023-02-01,Product_9,5,47.1060410956076,Customer_94
2023-04-16,Product_9,8,19.442760602483443,Customer_69
2023-03-18,Product_8,5,35.47388564503221,Customer_74
2023-08-22,Product_1,2,47.070153188285644,Customer_6
2023-06-22,Product_10,8,61.028167765975915,Customer_54
2023-03-08,Product_10,4,19.093683800673872,Customer_89
2023-01-12,Product_7,8,47.80867388297162,Customer_100
2023-04-20,Product_3,3,47.20817681948423,Customer_40
2023-01-03,Product_5,1,47.248367444234255,Customer_65
2023-12-22,Product_4,8,45.49243818447786,Customer_54
2023-05-09,Product_5,5,46.34792463189658,Customer_10
2023-09-18,Product_3,6,60.867973490656176,Customer_99
2023-05-11,Product_6,6,93.54729859410014,Customer_6
2023-06-05,Product_6,5,50.42438810846936,Customer_79
2023-03-02,Product_5,6,64.2540986346049,Customer_92
2023-06-10,Product_6,9,28.39908193784312,Customer_62
2023-08-04,Product_7,9,63.96266663969197,Customer_48
2023-02-09,Product_8,8,46.090107924502036,Customer_33
2023-02-05,Product_1,2,78.75181939978896,Customer_44
2023-08-07,Product_3,1,59.420838437097686,Customer_25
2023-02-09,Product_1,10,92.99564115260355,Customer_83
2023-03-28,Product_6,9,95.42613725994462,Customer_14
2023-11-19,Product_4,3,29.337744755312613,Customer_10
2023-05-10,Product_4,3,58.57510663303356,Customer_28
2023-01-18,Product_8,2,84.81385558461622,Customer_36
2023-06-27,Product_5,2,15.119068761873908,Customer_70
2023-07-18,Product_7,5,21.67138535178401,Customer_47
2023-02-09,Product_2,4,71.40017521289198,Customer_27
2023-09-11,Product_2,5,53.456619058939836,Customer_33
2023-06-04,Product_6,3,68.05856415261067,Customer_90
2023-03-10,Product_5,8,57.05546936718698,Customer_6
2023-05-24,Product_7,9,22.155038586229335,Customer_93
2023-05-26,Product_4,8,99.2968089585325,Customer_10
2023-01-01,Product_9,5,73.80318450264923,Customer_30
2023-03-08,Product_6,10,96.62358915679877,Customer_79
2023-12-11,Product_10,2,39.44793007601787,Customer_11
2023-02-25,Product_8,7,62.271305303095595,Customer_62
2023-01-27,Product_3,5,95.74890542342028,Customer_76
2023-06-26,Product_3,2,68.16713181022956,Customer_88
2023-04-21,Product_4,4,21.84344645092174,Customer_55
2023-09-04,Product_3,5,93.90493277452578,Customer_92
2023-11-10,Product_6,5,61.84063906633649,Customer_40
2023-04-28,Product_6,9,70.54955777598272,Customer_39
2023-11-19,Product_2,4,49.96285183931304,Customer_53
2023-12-18,Product_7,8,41.85048371532992,Customer_30
2023-01-22,Product_10,10,88.68392680492906,Customer_13
2023-09-17,Product_2,4,61.28840040159232,Customer_67
2023-05-16,Product_10,1,54.812977395393396,Customer_7
2023-05-06,Product_6,5,13.25453780046103,Customer_51
2023-01-23,Product_6,3,83.7393962361638,Customer_89
2023-05-20,Product_5,3,88.4086998493136,Customer_55
2023-02-24,Product_8,7,71.83293940544687,Customer_27
2023-10-09,Product_9,1,95.57449285965332,Customer_50
2023-06-25,Product_2,9,49.91671808516253,Customer_47
2023-09-22,Product_1,10,57.940535300393606,Customer_39
2023-02-16,Product_2,3,80.24858067615406,Customer_65
2023-06-28,Product_7,3,14.290755117986366,Customer_85
2023-01-28,Product_5,6,47.34388026047998,Customer_4
2023-08-13,Product_2,10,48.65539294197814,Customer_97
2023-03-14,Product_5,3,20.962923193727356,Customer_90
2023-06-20,Product_9,3,10.086672483580596,Customer_4
2023-09-07,Product_2,6,97.35420974388839,Customer_13
2023-08-04,Product_6,3,52.62461114870051,Customer_65
2023-02-22,Product_6,5,51.97784563578231,Customer_45
2023-01-02,Product_6,3,24.094312921231573,Customer_25
2023-04-25,Product_6,10,60.61429845329496,Customer_62
2023-04-27,Product_7,6,64.97480791258815,Customer_46
2023-05-15,Product_4,8,92.67038652180209,Customer_75
2023-04-15,Product_6,6,48.10045342609124,Customer_62
2023-07-02,Product_6,10,88.1181589728589,Customer_52
2023-05-25,Product_8,6,95.2408951985186,Customer_95
2023-01-11,Product_4,3,62.00586090969459,Customer_84
2023-08-23,Product_2,5,83.35770765086264,Customer_59
2023-02-20,Product_7,1,37.2733806297559,Customer_100
2023-09-25,Product_3,9,33.910667596016204,Customer_6
2023-06-07,Product_6,8,21.907759815423656,Customer_58
2023-01-19,Product_10,3,79.2375651295429,Customer_61
2023-10-07,Product_9,10,11.387370020188763,Customer_32
2023-09-05,Product_9,8,31.34138580896213,Customer_8
2023-10-01,Product_6,5,86.67194760503283,Customer_84
2023-12-23,Product_2,10,60.637465375998126,Customer_20
2023-07-03,Product_6,1,52.45061425247894,Customer_13
2023-08-04,Product_2,5,26.60447734401343,Customer_78
2023-10-25,Product_2,6,73.1884608990893,Customer_55
2023-01-05,Product_7,6,16.477768877336914,Customer_40
2023-02-24,Product_8,8,92.89196363956928,Customer_80
2023-02-24,Product_4,5,65.6915277424715,Customer_20
2023-01-19,Product_1,7,76.06666015829354,Customer_30
2023-11-07,Product_5,4,12.046373823270354,Customer_8
2023-02-13,Product_8,2,98.5806911471326,Customer_28
2023-01-04,Product_9,8,29.919097484530145,Customer_64
2023-02-26,Product_7,6,17.036154707012262,Customer_4
2023-01-25,Product_10,8,52.89251736503901,Customer_17
2023-09-28,Product_5,10,25.358215716871968,Customer_8
2023-03-10,Product_1,9,32.68117823089183,Customer_30
2023-03-05,Product_9,6,56.321200542988976,Customer_57
2023-12-16,Product_4,2,34.23546408757922,Customer_24
2023-03-20,Product_6,1,14.56032807530558,Customer_25
2023-08-10,Product_2,2,77.57761775850254,Customer_20
2023-07-26,Product_9,6,39.12591783379038,Customer_37
2023-11-15,Product_9,4,88.42530089305934,Customer_83
2023-04-13,Product_10,1,18.007760460080803,Customer_47
2023-09-12,Product_10,10,14.01641247254439,Customer_78
2023-10-08,Product_7,4,58.35744785032157,Customer_51
2023-11-13,Product_5,6,27.768751418794402,Customer_40
2023-05-03,Product_5,6,11.458769241887287,Customer_57
2023-12-28,Product_8,1,70.95724147110244,Customer_99
2023-04-13,Product_5,2,84.14896295972886,Customer_55
2023-12-06,Product_5,10,33.05928551238046,Customer_5
2023-06-13,Product_9,7,70.90229523613152,Customer_79
2023-12-05,Product_6,3,69.9393297283512,Customer_5
2023-11-19,Product_7,9,48.12742065293793,Customer_83
2023-11-09,Product_7,2,86.17454085971747,Customer_18
2023-10-06,Product_10,8,37.122130475630065,Customer_97
2023-06-08,Product_3,5,45.05744615758651,Customer_82
2023-06-17,Product_5,1,87.94565477032874,Customer_23
2023-01-21,Product_5,5,87.44231456774732,Customer_97
2023-10-27,Product_10,8,20.123286738525074,Customer_28
2023-12-23,Product_3,3,29.555192305970838,Customer_72
2023-10-17,Product_6,1,37.10838820309897,Customer_71
2023-10-23,Product_10,2,89.85797684671954,Customer_21
2023-01-13,Product_10,3,79.21044449685738,Customer_7
2023-03-05,Product_5,6,51.583489556999496,Customer_67
2023-02-24,Product_3,8,82.19702075161402,Customer_75
2023-11-21,Product_6,3,52.0022245090665,Customer_86
2023-07-22,Product_6,8,24.171674986451563,Customer_66
2023-01-26,Product_5,5,41.84991636210164,Customer_82
2023-12-02,Product_10,1,91.75685585388462,Customer_68
2023-06-16,Product_10,6,47.724842109500656,Customer_79
2023-07-22,Product_9,8,57.064693020391616,Customer_53
2023-07-09,Product_8,10,93.73706276384048,Customer_55
2023-05-21,Product_5,10,28.107585000431634,Customer_35
2023-05-13,Product_10,5,83.30106218732216,Customer_73
2023-12-23,Product_8,10,63.47341150860875,Customer_7
2023-05-03,Product_6,10,61.84440100205625,Customer_42
2023-12-18,Product_7,8,66.24813060958938,Customer_62
2023-12-08,Product_7,2,58.02502556506083,Customer_58
2023-09-21,Product_9,6,95.4506562779513,Customer_98
2023-12-25,Product_1,9,73.43642696110095,Customer_68
2023-03-26,Product_9,5,17.75214842040441,Customer_100
2023-10-27,Product_7,9,39.964400734456795,Customer_80
2023-02-10,Product_10,10,80.57805383091801,Customer_76
2023-12-21,Product_8,4,17.9041787544939,Customer_73
2023-08-11,Product_6,4,63.69183118487771,Customer_71
2023-07-06,Product_7,7,82.33228874393009,Customer_40
2023-12-19,Product_9,10,23.721189100754557,Customer_37
2023-01-26,Product_5,1,58.84746942665718,Customer_58
2023-12-03,Product_4,4,23.330738914886606,Customer_95
2023-03-27,Product_4,7,32.7724157364261,Customer_89
2023-02-16,Product_4,1,64.02286657097096,Customer_100
2023-04-28,Product_6,6,93.4970937638819,Customer_16
2023-08-24,Product_9,4,50.715321404277816,Customer_79
2023-07-19,Product_10,5,86.05481042230198,Customer_67
2023-03-09,Product_2,3,34.26519724840754,Customer_28
2023-01-13,Product_6,5,65.00072296572623,Customer_25
2023-08-05,Product_3,6,91.17418468011198,Customer_18
2023-11-24,Product_9,2,89.72365218078521,Customer_2
2023-08-08,Product_9,10,72.92051372827542,Customer_39
2023-11-24,Product_9,6,11.760531005309113,Customer_65
2023-03-04,Product_9,3,58.78273551680317,Customer_82
2023-04-27,Product_2,5,34.39471742621601,Customer_48
2023-08-20,Product_10,2,54.03416591239801,Customer_55
2023-02-04,Product_3,6,16.011473515269316,Customer_40
2023-07-09,Product_9,1,21.43320508878716,Customer_5
2023-10-20,Product_7,9,77.4515833136646,Customer_84
2023-08-27,Product_5,4,86.39469943676713,Customer_21
2023-06-14,Product_4,10,40.63736182706028,Customer_26
2023-01-28,Product_7,6,59.64915920410592,Customer_11
2023-03-23,Product_7,4,19.089749365687915,Customer_21
2023-08-20,Product_2,9,78.04010409960412,Customer_34
2023-10-13,Product_1,4,71.77672159519335,Customer_50
2023-04-02,Product_2,8,32.20063195521779,Customer_72
2023-11-01,Product_4,7,39.579757756845154,Customer_65
2023-07-27,Product_10,2,56.97478016249387,Customer_37
2023-10-06,Product_2,4,18.19408595070424,Customer_33
2023-08-27,Product_6,1,85.70549348397124,Customer_69
2023-07-23,Product_3,6,77.41964343326381,Customer_89
2023-08-19,Product_8,3,63.039115892908825,Customer_69
2023-06-02,Product_6,8,46.450808400248846,Customer_56
2023-09-09,Product_9,8,49.8292319440119,Customer_66
2023-02-01,Product_4,3,99.30302259744337,Customer_3
2023-03-11,Product_5,9,47.917310501624556,Customer_90
2023-04-27,Product_10,5,22.89833421230726,Customer_12
2023-10-16,Product_6,9,95.05219405714006,Customer_25
2023-07-25,Product_2,7,81.83474237008764,Customer_92
2023-06-17,Product_10,3,77.41312531590599,Customer_73
2023-10-12,Product_3,5,90.74674756151661,Customer_83
2023-05-28,Product_1,6,37.169877537416696,Customer_16
2023-06-15,Product_1,4,17.614051211745277,Customer_24
2023-12-25,Product_4,2,85.71410035485626,Customer_77
2023-05-09,Product_6,2,31.569620008517674,Customer_12
2023-04-18,Product_3,2,90.67635804272167,Customer_89
2023-09-10,Product_4,8,46.44980970019383,Customer_96
2023-08-20,Product_7,7,17.39964278912273,Customer_31
2023-09-15,Product_8,3,67.31137310548024,Customer_28
2023-12-17,Product_3,6,55.88015558757099,Customer_31
2023-11-17,Product_1,7,81.34564257728326,Customer_90
2023-12-17,Product_2,10,54.511834805795964,Customer_77
2023-03-27,Product_9,8,27.47447587125227,Customer_14
2023-12-16,Product_6,5,21.8162119159714,Customer_87
2023-01-11,Product_9,1,71.30793617385214,Customer_77
2023-12-04,Product_6,10,26.948097733871204,Customer_53
2023-02-03,Product_4,4,93.47176156788152,Customer_32
2023-07-14,Product_8,9,28.141992687520105,Customer_21
2023-03-14,Product_9,5,59.61616856240137,Customer_68
2023-09-04,Product_5,10,76.16424287375246,Customer_26
2023-03-23,Product_7,7,41.84335949054345,Customer_25
2023-12-01,Product_8,10,60.48433645523166,Customer_4
2023-10-09,Product_6,4,50.108473334120575,Customer_91
2023-05-19,Product_1,2,92.59317125037626,Customer_21
2023-12-17,Product_8,4,16.840913832931363,Customer_24
2023-11-12,Product_3,6,92.22434399176062,Customer_64
2023-11-24,Product_9,8,71.9707415786074,Customer_23
2023-09-01,Product_6,9,99.82997996471481,Customer_60
2023-04-05,Product_6,8,81.64276626187984,Customer_73
2023-09-19,Product_2,2,31.618042198544565,Customer_45
2023-08-20,Product_1,2,69.60044615480744,Customer_10
2023-12-13,Product_6,4,32.390647732849835,Customer_21
2023-09-25,Product_8,10,18.6226084394295,Customer_90
2023-03-12,Product_10,1,67.4525814112039,Customer_6
2023-07-09,Product_3,1,55.66993440399769,Customer_10
2023-06-18,Product_6,9,89.28485588438724,Customer_77
2023-12-13,Product_2,7,72.40872899831002,Customer_24
2023-06-03,Product_8,1,10.774087071678512,Customer_74
2023-12-14,Product_3,6,12.483778258191812,Customer_13
2023-01-27,Product_5,9,13.092864608114786,Customer_17
2023-12-16,Product_1,1,71.05465533644423,Customer_36
2023-06-01,Product_10,4,85.90164870224392,Customer_49
2023-08-21,Product_7,7,41.758838435912494,Customer_71
2023-07-20,Product_7,4,44.45118491148501,Customer_91
2023-02-03,Product_7,9,62.65442807023723,Customer_71
2023-07-24,Product_7,8,71.88104023053344,Customer_78
2023-07-03,Product_2,8,86.12855140576741,Customer_16
2023-11-08,Product_3,7,31.874113514562186,Customer_63
2023-07-20,Product_1,6,37.061097648194014,Customer_25
2023-05-01,Product_2,2,60.390903483519025,Customer_21
2023-09-13,Product_8,7,79.05328942416837,Customer_37
2023-03-05,Product_7,10,90.22396304230787,Customer_49
2023-07-17,Product_5,5,27.6954013352022,Customer_35
2023-02-04,Product_2,3,45.13177001824805,Customer_84
2023-04-10,Product_6,1,62.7605513281257,Customer_70
2023-10-28,Product_8,2,11.50360197576498,Customer_41
2023-06-23,Product_7,7,19.481504275494423,Customer_96
2023-12-11,Product_5,9,81.18590440570033,Customer_74
2023-02-11,Product_7,3,60.49168465023172,Customer_95
2023-01-24,Product_10,4,67.33281324976386,Customer_37
2023-10-20,Product_9,2,24.168610763288605,Customer_39
2023-03-18,Product_1,8,11.174343940594392,Customer_23
2023-06-03,Product_2,8,19.80344195156217,Customer_28
2023-11-14,Product_10,8,22.420430269452748,Customer_48
2023-10-27,Product_3,3,79.2906896260741,Customer_12
2023-12-12,Product_3,4,81.77328158556568,Customer_90
2023-05-11,Product_10,10,10.872326845438002,Customer_38
2023-09-05,Product_3,1,48.43548318470781,Customer_98
2023-05-01,Product_1,3,87.2214083576602,Customer_63
2023-02-19,Product_9,5,88.17732304731601,Customer_6
2023-10-12,Product_8,4,56.68304998271834,Customer_5
2023-07-14,Product_5,8,64.72111615681501,Customer_55
2023-10-15,Product_3,7,67.18865720718702,Customer_51
2023-07-01,Product_6,8,90.52999141059614,Customer_40
2023-11-01,Product_10,1,64.88263701825852,Customer_97
2023-06-22,Product_5,8,56.43539563963655,Customer_93
2023-08-10,Product_9,5,12.591796212465606,Customer_18
2023-10-21,Product_4,10,21.850437645127283,Customer_66
2023-05-10,Product_6,7,42.824366488628236,Customer_68
2023-11-21,Product_1,7,99.4259730772519,Customer_28
2023-11-22,Product_5,6,96.37218125939114,Customer_93
2023-04-23,Product_6,8,93.1332088250847,Customer_7
2023-10-23,Product_9,2,82.17562699796262,Customer_81
2023-06-14,Product_1,8,54.229227157548706,Customer_79
2023-07-21,Product_3,10,12.16673843309757,Customer_22
2023-11-14,Product_7,5,27.676176404718703,Customer_43
2023-04-13,Product_3,6,55.180465711016105,Customer_35
2023-04-11,Product_5,7,78.88855519991492,Customer_57
2023-02-28,Product_10,10,82.79060045951802,Customer_63
2023-10-02,Product_7,1,13.017749039263865,Customer_30
2023-04-16,Product_3,3,59.130749033380816,Customer_52
2023-02-25,Product_3,7,60.66830421309436,Customer_95
2023-02-06,Product_2,9,49.81112550990698,Customer_35
2023-10-08,Product_7,6,83.51178930465329,Customer_41
2023-09-17,Product_10,7,69.10010027056975,Customer_95
2023-03-08,Product_3,3,94.16286176126563,Customer_28
2023-04-21,Product_2,1,28.694025202868378,Customer_73
2023-12-17,Product_7,3,23.664869826723518,Customer_77
2023-11-24,Product_6,9,84.43987470541437,Customer_10
2023-01-05,Product_10,10,21.546264845014242,Customer_12
2023-08-11,Product_1,6,85.870117136766,Customer_49
2023-03-26,Product_6,2,40.9561894484915,Customer_98
2023-04-10,Product_1,8,10.309329907060846,Customer_20
2023-08-22,Product_2,5,88.34623372130933,Customer_93
2023-06-16,Product_5,7,53.08908060130399,Customer_13
2023-04-04,Product_9,3,69.41059043107936,Customer_32
2023-10-12,Product_4,6,96.41344916069745,Customer_27
2023-03-07,Product_2,8,41.11573957532411,Customer_37
2023-03-20,Product_3,3,59.26173538827377,Customer_42
2023-05-14,Product_3,5,59.979446095921176,Customer_31
2023-04-04,Product_8,5,14.125134344394525,Customer_76
2023-09-09,Product_4,3,23.792828851269146,Customer_93
2023-02-18,Product_2,7,32.17717150303323,Customer_1
2023-02-28,Product_3,1,41.808450164782414,Customer_81
2023-11-10,Product_5,9,27.16572546835712,Customer_8
2023-04-18,Product_9,1,26.37982984652887,Customer_89
2023-10-02,Product_3,8,67.06108420048614,Customer_90
2023-12-26,Product_7,3,50.29719316827475,Customer_62
2023-11-19,Product_5,2,68.26862823913233,Customer_93
2023-07-26,Product_9,6,82.08099872817698,Customer_39
2023-12-18,Product_2,4,99.84005856909798,Customer_62
2023-02-01,Product_4,7,42.32890836495202,Customer_54
2023-09-08,Product_9,2,71.2011888504789,Customer_2
2023-09-07,Product_5,6,40.22224759831065,Customer_92
2023-08-09,Product_10,6,93.77577316335548,Customer_8
2023-01-11,Product_4,5,20.52262148915316,Customer_12
2023-04-14,Product_9,1,90.36411410426629,Customer_90
2023-05-13,Product_1,7,69.18601594890409,Customer_23
2023-05-06,Product_4,7,79.52720235017124,Customer_63
2023-12-20,Product_7,2,98.38935988362742,Customer_20
2023-07-08,Product_7,2,67.20878191583296,Customer_10
2023-01-09,Product_3,9,79.74832815484498,Customer_80
2023-02-07,Product_6,2,99.61502004230498,Customer_1
2023-11-01,Product_10,8,11.822892472968194,Customer_47
2023-03-03,Product_4,3,76.62652313114032,Customer_56
2023-10-10,Product_5,8,11.992742462895315,Customer_96
2023-03-09,Product_5,2,76.17078671837399,Customer_34
2023-06-07,Product_4,1,47.402947044390906,Customer_61
2023-12-21,Product_7,3,79.2606547259928,Customer_85
2023-06-22,Product_1,7,40.5545530671683,Customer_17
2023-04-01,Product_8,6,54.7471187633514,Customer_79
2023-08-23,Product_7,3,42.64727812432601,Customer_56
2023-12-03,Product_1,7,53.019776411549635,Customer_50
2023-06-14,Product_5,9,35.884348730950364,Customer_78
2023-02-12,Product_6,4,49.814224736149995,Customer_60
2023-05-16,Product_6,8,84.01903648914765,Customer_34
2023-03-20,Product_4,5,14.742628466867998,Customer_41
2023-08-26,Product_10,4,59.23205269698594,Customer_83
2023-07-22,Product_6,6,82.94548198738042,Customer_24
2023-02-21,Product_1,7,42.842052882501186,Customer_91
2023-02-06,Product_1,8,38.6759388247433,Customer_49
2023-05-23,Product_9,5,74.42597552749899,Customer_60
2023-02-08,Product_3,4,18.846050938483188,Customer_30
2023-08-18,Product_4,7,41.996069391157505,Customer_22
2023-03-22,Product_3,7,36.056247633690674,Customer_83
2023-07-09,Product_9,10,89.72823092541549,Customer_40
2023-04-10,Product_10,2,45.64030527827545,Customer_11
2023-07-09,Product_2,3,10.50621210228844,Customer_80
2023-07-19,Product_10,1,96.42141841016554,Customer_76
2023-10-16,Product_3,6,97.75271539752966,Customer_25
2023-06-19,Product_2,1,22.138422528416807,Customer_67
2023-10-25,Product_1,8,35.979455272979465,Customer_68
2023-12-24,Product_10,10,96.55528387009915,Customer_100
2023-03-12,Product_4,4,34.86450701843279,Customer_58
2023-09-20,Product_4,1,43.87782134165525,Customer_5
2023-08-26,Product_2,9,35.50621153726718,Customer_48
2023-01-02,Product_7,10,98.90067159839386,Customer_33
2023-08-23,Product_3,7,85.17162039687173,Customer_39
2023-04-07,Product_2,9,51.59578860318386,Customer_41
2023-12-23,Product_9,9,75.0428844746972,Customer_84
2023-04-02,Product_7,8,57.355261987371236,Customer_46
2023-03-16,Product_3,8,76.87660303332729,Customer_73
2023-02-09,Product_9,8,22.86719322374215,Customer_24
2023-04-21,Product_1,3,69.85558031532582,Customer_60
2023-08-25,Product_2,6,45.966623162747496,Customer_3
2023-10-11,Product_2,2,86.86804581500967,Customer_44
2023-03-08,Product_6,10,60.19447589587043,Customer_75
2023-01-14,Product_9,6,21.390736408026957,Customer_2
2023-02-14,Product_6,8,55.542979562480866,Customer_26
2023-05-26,Product_9,1,95.49320900536199,Customer_39
2023-05-26,Product_1,10,40.19259784158636,Customer_67
2023-12-22,Product_10,3,33.37359979760478,Customer_58
2023-09-23,Product_8,4,78.31101323899712,Customer_8
2023-01-18,Product_7,9,83.82227787591624,Customer_51
2023-12-09,Product_10,6,29.71185842664541,Customer_18
2023-07-20,Product_5,9,53.62203424972801,Customer_39
2023-12-13,Product_3,2,38.41509128952936,Customer_77
2023-06-19,Product_10,5,19.360828279578573,Customer_98
2023-03-21,Product_1,2,88.36944268690533,Customer_64
2023-11-18,Product_6,2,55.83548401174094,Customer_22
2023-01-14,Product_5,6,98.59050984489627,Customer_42
2023-12-14,Product_9,9,98.42494740814746,Customer_90
2023-11-23,Product_10,3,74.05451612914783,Customer_59
2023-02-25,Product_6,6,21.15153325714721,Customer_7
2023-10-12,Product_5,7,20.27912158516731,Customer_42
2023-10-01,Product_3,6,66.40035598132215,Customer_83
2023-03-21,Product_3,7,11.78720838035203,Customer_8
2023-11-24,Product_4,10,88.28170842055385,Customer_4
2023-07-18,Product_1,1,99.07590488006002,Customer_77
2023-04-14,Product_7,3,17.302316647400097,Customer_17
2023-10-06,Product_2,9,64.91925956760653,Customer_69
2023-11-21,Product_4,10,32.34984285956192,Customer_35
2023-04-27,Product_6,7,12.85757839038095,Customer_49
2023-01-20,Product_6,8,38.692704435602366,Customer_90
2023-07-22,Product_1,9,53.881816177631336,Customer_10
2023-08-17,Product_7,2,49.79322829120944,Customer_9
2023-01-16,Product_4,8,11.544222538815298,Customer_85
2023-09-08,Product_6,10,24.854162118875433,Customer_42
2023-09-23,Product_1,6,78.79230546831252,Customer_69
2023-12-02,Product_3,4,15.34316029934524,Customer_56
2023-06-22,Product_4,2,37.54471122897604,Customer_11
2023-12-25,Product_10,3,42.14784060527375,Customer_24
2023-07-13,Product_2,10,89.80741274241979,Customer_21
2023-11-06,Product_10,7,52.31114002222004,Customer_7
2023-12-09,Product_8,2,20.134831899298753,Customer_98
2023-11-01,Product_8,5,87.73653969601061,Customer_38
2023-05-08,Product_1,4,69.78604599432845,Customer_45
2023-11-06,Product_5,2,57.69375570485871,Customer_92
2023-04-21,Product_6,1,37.45168357361086,Customer_17
2023-06-11,Product_2,6,99.93502803420094,Customer_28
2023-01-01,Product_2,7,65.90027050033606,Customer_25
2023-04-26,Product_4,8,13.40965165372748,Customer_92
2023-03-28,Product_4,1,54.82083418097542,Customer_54
2023-11-23,Product_2,1,31.494734050779506,Customer_43
2023-03-18,Product_8,9,82.12730594839358,Customer_47
2023-12-21,Product_8,6,57.62719802613858,Customer_14
2023-06-23,Product_2,9,38.65647510769453,Customer_49
2023-12-05,Product_1,7,92.4094413476803,Customer_73
2023-06-16,Product_9,5,81.2462219198455,Customer_24
2023-02-15,Product_3,5,99.05399471438162,Customer_47
2023-03-22,Product_2,1,11.432048885352016,Customer_11
2023-05-18,Product_2,9,37.2460059866234,Customer_69
2023-01-19,Product_3,8,80.19739179864543,Customer_15
2023-12-21,Product_5,10,89.78190418426138,Customer_74
2023-10-19,Product_3,8,44.52520129890231,Customer_86
2023-03-02,Product_6,1,46.068351458430435,Customer_79
2023-10-25,Product_6,8,20.756704450859885,Customer_78
2023-06-09,Product_9,3,20.731696985908766,Customer_63
2023-06-16,Product_3,8,76.94101427388254,Customer_42
2023-03-08,Product_1,9,70.28789719320197,Customer_18
2023-08-08,Product_2,1,41.34908736284217,Customer_32
2023-06-01,Product_8,5,65.56816219710143,Customer_61
2023-10-12,Product_1,6,12.884620862368845,Customer_98
2023-04-11,Product_7,2,90.89508305791803,Customer_25
2023-03-11,Product_8,2,29.115138894663346,Customer_29
2023-12-25,Product_2,10,32.27247068394898,Customer_17
2023-05-03,Product_3,9,93.63489179151868,Customer_34
2023-06-10,Product_7,1,16.45391431461528,Customer_74
2023-05-08,Product_5,3,63.93035958542521,Customer_49
2023-07-14,Product_4,3,11.006330009660104,Customer_84
2023-11-24,Product_9,6,88.12134685583459,Customer_80
2023-05-06,Product_7,5,98.2490839881356,Customer_39
2023-08-25,Product_5,5,76.93624828132647,Customer_41
2023-04-20,Product_2,8,84.61556686860348,Customer_64
2023-02-25,Product_4,7,68.00949200178698,Customer_4
2023-03-28,Product_6,9,69.72271591536763,Customer_1
2023-01-23,Product_8,4,94.77622058870395,Customer_62
2023-03-02,Product_9,2,47.271742334216825,Customer_69
2023-05-19,Product_8,2,34.56304364650539,Customer_52
2023-03-27,Product_3,7,94.40843222577291,Customer_70
2023-08-07,Product_5,6,51.36010650072528,Customer_31
2023-03-20,Product_9,8,35.580476906009956,Customer_68
2023-12-15,Product_9,10,30.81126144364668,Customer_39
2023-04-20,Product_3,1,85.86422106885358,Customer_40
2023-04-14,Product_10,10,69.07190647840667,Customer_92
2023-08-19,Product_10,1,97.74167798334982,Customer_89
2023-12-25,Product_7,2,81.24727871951173,Customer_41
2023-05-27,Product_3,8,51.420385947713235,Customer_51
2023-11-24,Product_3,1,15.160074920786306,Customer_23
2023-05-17,Product_2,4,84.34209774391985,Customer_10
2023-10-08,Product_6,10,96.95911974022944,Customer_14
2023-07-06,Product_2,8,45.461205104150054,Customer_28
2023-06-13,Product_6,9,75.53145731939664,Customer_77
2023-06-08,Product_5,2,72.28647451509138,Customer_55
2023-05-01,Product_10,3,86.42033790006435,Customer_78
2023-05-14,Product_2,2,73.75036089244561,Customer_69
2023-11-02,Product_9,9,43.15444158697632,Customer_52
2023-04-25,Product_5,7,30.115391098044434,Customer_75
2023-04-17,Product_7,3,79.410745884753,Customer_81
2023-01-12,Product_10,3,98.97369083878975,Customer_71
2023-05-04,Product_5,10,43.795924867835474,Customer_77
2023-07-23,Product_2,2,86.99868425124585,Customer_90
2023-07-14,Product_5,9,48.69993645190999,Customer_86
2023-02-06,Product_7,4,43.680180970387546,Customer_53
2023-05-12,Product_8,7,34.90800617308538,Customer_20
2023-12-23,Product_3,1,80.98087793026332,Customer_66
2023-01-26,Product_10,2,86.62039162928632,Customer_18
2023-12-22,Product_5,7,98.71894546358443,Customer_77
2023-11-08,Product_9,6,45.00033241216916,Customer_90
2023-08-12,Product_4,1,70.40957724529648,Customer_19
2023-03-06,Product_7,5,99.443665744444,Customer_85
2023-03-16,Product_4,9,21.053419927245457,Customer_95
2023-03-07,Product_2,7,16.829271573198433,Customer_28
2023-09-16,Product_7,9,65.40506385426221,Customer_82
2023-06-02,Product_5,6,59.98025103602269,Customer_52
2023-04-17,Product_5,6,40.45445314027823,Customer_28
2023-10-11,Product_7,7,60.51801777453874,Customer_77
2023-02-26,Product_9,9,16.64954502498,Customer_6
2023-05-21,Product_1,3,40.86632168925445,Customer_81
2023-09-05,Product_6,6,97.91178773575459,Customer_85
2023-09-04,Product_10,3,19.55293202060396,Customer_38
2023-10-03,Product_10,2,17.822926918321095,Customer_38
2023-09-09,Product_9,2,94.05706402540278,Customer_59
2023-09-22,Product_2,9,82.24254492266328,Customer_48
2023-07-24,Product_3,6,48.74411248360307,Customer_15
2023-02-06,Product_10,10,26.346588014869496,Customer_8
2023-12-11,Product_8,8,67.06897313413477,Customer_34
2023-09-25,Product_7,6,26.93668058931112,Customer_45
2023-07-26,Product_9,9,37.86592948799237,Customer_3
2023-03-05,Product_8,3,22.094010433301108,Customer_29
2023-12-08,Product_2,3,52.99305502571848,Customer_97
2023-11-15,Product_9,3,67.70557472201654,Customer_78
2023-10-10,Product_6,3,47.44518834574615,Customer_68
2023-04-11,Product_10,5,54.447256492149435,Customer_20
2023-10-07,Product_2,6,97.7685911655088,Customer_50
2023-12-27,Product_8,10,17.214526676052436,Customer_66
2023-01-09,Product_7,4,79.63383843338957,Customer_100
2023-03-04,Product_2,9,55.688473071244,Customer_76
2023-10-06,Product_7,6,96.30297391030531,Customer_76
2023-03-14,Product_9,1,64.38407713975771,Customer_66
2023-01-27,Product_7,9,98.46488866804556,Customer_56
2023-03-18,Product_4,3,23.46113479351787,Customer_54
2023-01-01,Product_2,2,21.15181600872438,Customer_67
2023-02-07,Product_8,6,91.55318977666084,Customer_81
2023-05-12,Product_6,4,79.51613413161768,Customer_73
2023-07-25,Product_10,7,36.005660647141184,Customer_73
2023-02-07,Product_2,2,47.19389039065886,Customer_63
2023-04-03,Product_7,9,44.92895907675324,Customer_81
2023-05-02,Product_5,4,87.98620831772857,Customer_27
2023-05-13,Product_4,9,23.70439195344317,Customer_53
2023-02-10,Product_2,7,33.15070407222012,Customer_9
2023-01-12,Product_9,10,92.79212867855725,Customer_48
2023-11-09,Product_5,7,88.61848945080538,Customer_96
2023-05-13,Product_4,1,35.4722501114813,Customer_60
2023-07-12,Product_6,3,10.551987490265,Customer_25
2023-07-06,Product_1,2,76.47820475008173,Customer_91
2023-02-04,Product_9,1,83.4227237542449,Customer_24
2023-11-19,Product_1,3,81.4779600240048,Customer_53
2023-03-16,Product_4,6,62.73837968711728,Customer_86
2023-10-04,Product_10,9,25.233303034038016,Customer_2
2023-04-07,Product_1,3,23.028718628825736,Customer_78
2023-06-12,Product_9,2,27.953627811365063,Customer_73
2023-02-12,Product_7,9,23.796338776137866,Customer_84
2023-09-19,Product_9,9,47.039125823355896,Customer_52
2023-08-16,Product_1,1,98.1567623457994,Customer_7
2023-01-22,Product_10,6,20.082494173167667,Customer_91
2023-06-27,Product_10,8,50.803525094234914,Customer_8
2023-09-08,Product_5,10,54.23201701527678,Customer_51
2023-04-16,Product_1,5,49.53610859189331,Customer_2
2023-01-07,Product_10,6,84.39853289850026,Customer_17
2023-09-06,Product_8,8,70.81235051857414,Customer_58
2023-07-14,Product_3,7,79.8404492113043,Customer_83
2023-12-18,Product_5,4,93.41312337653876,Customer_23
2023-08-01,Product_1,8,43.46592464640351,Customer_72
2023-02-04,Product_3,2,31.053658503427798,Customer_74
2023-01-05,Product_9,9,37.203848268514136,Customer_34
2023-05-25,Product_8,2,70.94522863158306,Customer_47
2023-09-01,Product_5,4,50.18263155729351,Customer_75
2023-03-05,Product_1,6,68.31143566587238,Customer_5
2023-11-22,Product_3,8,56.488894338218905,Customer_28
2023-02-08,Product_9,6,90.90216433274347,Customer_59
2023-07-17,Product_7,6,41.82209003633557,Customer_78
2023-02-17,Product_7,5,41.02253867115031,Customer_85
2023-12-23,Product_2,9,57.35512978827577,Customer_95
2023-08-10,Product_2,6,89.85626210697745,Customer_32
2023-06-28,Product_3,4,74.5203961885468,Customer_31
2023-04-23,Product_1,7,34.76862097259665,Customer_78
2023-05-20,Product_1,6,56.117961011623194,Customer_75
2023-08-19,Product_3,9,43.49821361340656,Customer_59
2023-04-22,Product_8,8,18.8547904409385,Customer_90
2023-11-19,Product_1,1,50.436169783551684,Customer_16
2023-10-15,Product_8,10,55.92352220938865,Customer_94
2023-12-24,Product_5,4,38.524632197750535,Customer_17
2023-08-03,Product_6,2,87.47961191360466,Customer_98
2023-07-26,Product_4,9,86.44224915603115,Customer_73
2023-05-18,Product_9,3,64.34742144267662,Customer_42
2023-08-23,Product_2,4,71.76558296988668,Customer_54
2023-08-14,Product_5,6,68.5569595423851,Customer_52
2023-03-26,Product_10,6,39.045142737293844,Customer_57
2023-02-22,Product_10,4,32.38301372864399,Customer_27
2023-02-27,Product_10,2,42.93659967590279,Customer_37
2023-03-03,Product_5,9,11.333570778034606,Customer_100
2023-02-12,Product_10,6,47.00141865065505,Customer_13
2023-02-16,Product_6,5,78.1441997474371,Customer_90
2023-09-16,Product_6,7,28.224785850902336,Customer_83
2023-01-14,Product_2,10,78.01751819418064,Customer_80
2023-02-03,Product_4,3,82.97198279532398,Customer_40
2023-04-16,Product_2,10,10.06497139632281,Customer_87
2023-01-07,Product_4,7,74.76805338827425,Customer_32
2023-06-01,Product_3,5,63.00501021398832,Customer_68
2023-08-22,Product_3,7,93.08878361165611,Customer_26
2023-03-20,Product_10,9,77.72700525205433,Customer_95
2023-06-06,Product_7,1,19.66615090859853,Customer_73
2023-10-19,Product_1,4,38.30297328517811,Customer_65
2023-11-08,Product_8,8,90.94258610922196,Customer_66
2023-06-15,Product_7,10,55.36074595035345,Customer_65
2023-01-15,Product_6,7,61.951503165648,Customer_53
2023-03-27,Product_8,4,73.64171907384117,Customer_54
2023-06-23,Product_7,2,21.60468038522479,Customer_85
